"AAL","Std","CV"
284833302.495045,1033726676.64192,3.629233898