"AAL","Std","CV"
769720609.993729,2623873491.92242,3.408864798