"AAL","Std","CV"
284318472.661448,1033233680.98266,3.634071579